keypoint 1 x,keypoint 1 y,keypoint 2 x,keypoint 2 y,keypoint 3 x,keypoint 3 y,keypoint 4 x,keypoint 4 y,keypoint 5 x,keypoint 5 y,keypoint 6 x,keypoint 6 y,keypoint 7 x,keypoint 7 y,keypoint 8 x,keypoint 8 y,keypoint 9 x,keypoint 9 y,keypoint 10 x,keypoint 10 y,keypoint 11 x,keypoint 11 y,keypoint 12 x,keypoint 12 y,keypoint 13 x,keypoint 13 y,keypoint 14 x,keypoint 14 y,keypoint 15 x,keypoint 15 y,keypoint 16 x,keypoint 16 y,keypoint 17 x,keypoint 17 y,keypoint 18 x,keypoint 18 y,keypoint 19 x,keypoint 19 y,keypoint 20 x,keypoint 20 y,keypoint 21 x,keypoint 21 y,keypoint 22 x,keypoint 22 y,keypoint 23 x,keypoint 23 y,keypoint 24 x,keypoint 24 y,keypoint 25 x,keypoint 25 y,keypoint 26 x,keypoint 26 y,keypoint 27 x,keypoint 27 y,keypoint 28 x,keypoint 28 y,keypoint 29 x,keypoint 29 y,keypoint 30 x,keypoint 30 y,keypoint 31 x,keypoint 31 y,keypoint 32 x,keypoint 32 y
5.411297149737926,1.8875319263275738,5.439219219654015,1.881947512344356,5.4615568755868855,1.8763630983611386,5.299608870073572,1.8931163403107916,5.260517972191049,1.8931163403107916,5.238180316258179,1.8931163403107916,5.511816601435845,1.881947512344356,5.193505004392437,1.9098695822604446,5.416881563721144,2.038311103874451,5.299608870073572,2.0494799318408865,5.701686676865245,2.2337655932870697,5.0092193429462535,2.211427937354199,6.154024209505877,1.8596098564114856,4.584803880221711,1.8428566144618326,5.735193160764552,1.8261033725121794,5.048310240828777,1.865194270394703,5.5509074993183685,1.7870124746296558,5.171167348459567,1.7925968886128734,5.5509074993183685,1.831687786495397,5.193505004392437,1.8261033725121794,5.5955828111841095,1.8763630983611386,5.148829692526696,1.881947512344356,5.511816601435845,3.227791282299816,5.143245278543478,3.2166224543333803,5.562076327284803,4.026362481899943,5.053894654811995,3.953765100118113,5.623504881100198,4.461946772590922,4.998050514979818,4.445193530641268,5.5732451552512385,4.461946772590922,5.048310240828777,4.439609116658051,5.6402581230498505,4.528959740389534,4.8975310632819005,4.506622084456663
4.98909422940788,1.7420597619213465,5.014864344229202,1.7369057389570821,5.040634459050524,1.7369057389570821,4.896321816051122,1.7472137848856109,4.865397678265536,1.7420597619213465,4.839627563444214,1.7472137848856109,5.076712619800374,1.7420597619213465,4.798395379730099,1.762675853778404,4.999402275336409,1.8812183819564836,4.896321816051122,1.8915264278850124,5.2571034235496255,2.056455162741471,4.6128505530165835,2.040993093848678,5.6694252606907725,1.7162896471000249,4.2262988306967575,1.7008275782072317,5.195255147978454,1.6956735552429676,4.664390782659226,1.7162896471000249,5.097328711657431,1.6595953944931172,4.7777792878730425,1.6647494174573816,5.097328711657431,1.7111356241357605,4.793241356765836,1.7008275782072317,5.123098826478753,1.7420597619213465,4.757163196015985,1.7369057389570821,5.0921746886931665,3.0511815948444885,4.746855150087456,3.046027571880224,5.138560895371546,3.7572827409487033,4.664390782659226,3.74182067205591,5.1901011250141895,4.2675310144108725,4.6128505530165835,4.257222968482344,5.14371491833581,4.334533312946309,4.659236759694962,4.344841358874838,5.282873538370947,4.5561563004096755,4.458229864088653,4.535540208552618
4.863937799400374,1.7084079047480654,4.889061445058434,1.7084079047480654,4.909160361584882,1.7033831756164535,4.778517404162971,1.7084079047480654,4.7483690293733,1.7084079047480654,4.7232453837152395,1.7033831756164535,4.9443334655061655,1.7134326338796773,4.683047550662344,1.7234820921429013,4.87901198679521,1.8491003204332002,4.783542133294583,1.854125049564812,5.130248443375808,1.999842194381559,4.497132572792702,1.9948174652499469,5.522177315641541,1.6732348008267817,4.120277887921805,1.6631853425635577,5.039803319006793,1.6631853425635577,4.557429322372045,1.6732348008267817,4.95438292376939,1.633036967773886,4.6679733632675084,1.628012238642274,4.95438292376939,1.6782595299583936,4.683047550662344,1.6732348008267817,4.969457111164226,1.7084079047480654,4.642849717609448,1.7033831756164535,4.974481840295837,2.9997632915723385,4.627775530214612,2.9947385624407263,5.019704402480345,3.6680522660767285,4.5423551349772096,3.642928620418669,5.059902235533241,4.190624095764372,4.497132572792702,4.1604757209747,5.009654944217121,4.255945574475327,4.547379864108821,4.230821928817268,5.170446276428704,4.472008927134642,4.341365969712731,4.44186055234497
4.756397848885164,1.6853765105037306,4.780966019592215,1.6804628763623202,4.800620556157856,1.67554924222091,4.677779702622599,1.6804628763623202,4.648297897774137,1.6804628763623202,4.623729727067086,1.6804628763623202,4.835015995147728,1.6853765105037306,4.579507019794393,1.7001174129279615,4.771138751309395,1.8229582664632187,4.682693336764009,1.8327855347460393,5.016820458379909,1.960540022422707,4.397702556562212,1.9556263882812965,5.400083921409912,1.6460674373724482,4.02917999595644,1.6460674373724482,4.923461409693114,1.6313265349482173,4.456666166259136,1.6411538032310378,4.839929629289139,1.611671998382576,4.569679751511573,1.6067583642411658,4.839929629289139,1.6558947056552686,4.584420653935803,1.6460674373724482,4.85958416585478,1.6804628763623202,4.545111580804521,1.67554924222091,4.86449779999619,2.9580077531289963,4.5254570442388795,2.9580077531289963,4.913634141410293,3.601693825653745,4.437011629693495,3.5771256549466934,4.948029580400165,4.107798142219005,4.397702556562212,4.078316337370543,4.8939796048446516,4.166761751915929,4.446838897976315,4.142193581208877,5.061043165652602,4.373134385855161,4.245379898178493,4.348566215148109
4.715105167811188,1.693350462743337,4.7345689662335255,1.6884845131377526,4.754032764655863,1.6836185635321683,4.637249974121839,1.693350462743337,4.608054276488334,1.6884845131377526,4.5788585788548275,1.6884845131377526,4.788094411894953,1.693350462743337,4.539930982010153,1.7030823619545055,4.7248370670223565,1.8295970516996973,4.637249974121839,1.839328950910866,4.968134547301572,1.9463798422337206,4.35502489699795,1.9561117414448892,5.352544566142732,1.6398250170819095,3.985212726973543,1.6544228658986624,4.890279353612223,1.6349590674763252,4.413416292264961,1.6398250170819095,4.792960361500537,1.6057633698428195,4.5253331331934,1.6008974202372352,4.792960361500537,1.6544228658986624,4.539930982010153,1.6446909666874938,4.812424159922874,1.6836185635321683,4.501003385165479,1.6738866643209998,4.822156059134043,2.9487654609840868,4.481539586743142,2.953631410589671,4.8805474544010545,3.5813389097100456,4.384220594631455,3.5570091616821244,4.895145303217808,4.053336021451723,4.35502489699795,4.048470071846139,4.846485807161964,4.121459315929903,4.408550342659377,4.10686146711315,5.0119280937518305,4.325829199364444,4.194448560013668,4.306365400942107
4.7153284671532845,1.7128953771289537,4.739659367396594,1.7080291970802919,4.754257907542579,1.7080291970802919,4.642335766423358,1.7128953771289537,4.613138686131387,1.7128953771289537,4.583941605839416,1.7128953771289537,4.788321167883212,1.7128953771289537,4.54014598540146,1.732360097323601,4.7250608272506085,1.8491484184914841,4.64720194647202,1.8588807785888077,4.968369829683699,1.9708029197080292,4.350364963503649,1.9805352798053528,5.35279805352798,1.6690997566909975,3.9854014598540144,1.6885644768856447,4.895377128953771,1.6739659367396593,4.418491484184915,1.6739659367396593,4.793187347931873,1.6447688564476886,4.54014598540146,1.6399026763990268,4.793187347931873,1.6885644768856447,4.549878345498784,1.6885644768856447,4.817518248175182,1.7177615571776155,4.5060827250608275,1.7128953771289537,4.8321167883211675,2.9732360097323602,4.48661800486618,2.978102189781022,4.895377128953771,3.605839416058394,4.374695863746958,3.5815085158150852,4.900243309002433,4.0632603406326036,4.355231143552311,4.0632603406326036,4.846715328467154,4.13625304136253,4.408759124087592,4.121654501216545,5.017031630170316,4.335766423357664,4.189781021897811,4.311435523114355
4.778325123152709,1.7832512315270936,4.798029556650246,1.7783251231527093,4.817733990147783,1.7733990147783252,4.704433497536946,1.7832512315270936,4.679802955665025,1.7832512315270936,4.650246305418719,1.7832512315270936,4.847290640394089,1.7832512315270936,4.596059113300493,1.793103448275862,4.788177339901478,1.9113300492610839,4.704433497536946,1.9211822660098523,5.029556650246305,2.0246305418719213,4.403940886699507,2.0344827586206895,5.41871921182266,1.748768472906404,4.0344827586206895,1.7438423645320198,4.960591133004926,1.7438423645320198,4.497536945812808,1.7339901477832513,4.852216748768473,1.70935960591133,4.620689655172414,1.6995073891625616,4.852216748768473,1.7438423645320198,4.625615763546798,1.7438423645320198,4.876847290640394,1.7733990147783252,4.58128078817734,1.7733990147783252,4.891625615763547,3.0246305418719213,4.541871921182266,3.0344827586206895,4.975369458128079,3.6502463054187193,4.41871921182266,3.625615763546798,4.960591133004926,4.108374384236453,4.4088669950738915,4.098522167487685,4.911330049261084,4.177339901477833,4.463054187192118,4.167487684729064,5.073891625615763,4.379310344827586,4.236453201970443,4.354679802955665
4.867152633636125,1.8446057355078207,4.887202695978601,1.8446057355078207,4.902240242735458,1.8395932199222016,4.796977415437458,1.8446057355078207,4.771914837509362,1.8446057355078207,4.741839743995648,1.8446057355078207,4.9323153362491725,1.8446057355078207,4.681689556968219,1.854630766679059,4.877177664807363,1.9799436563195358,4.796977415437458,1.984956171905155,5.117778412917079,2.095231514788775,4.476176417957837,2.1052565459600125,5.513767144180986,1.8245556731653443,4.100237749036406,1.8095181264084872,5.05261571030403,1.804505610822868,4.571414214084599,1.7944805796516299,4.942340367420411,1.7744305173091537,4.696727103725076,1.7694180017235346,4.942340367420411,1.804505610822868,4.706752134896314,1.8145306419941063,4.967402945348506,1.8345807043365825,4.661639494625742,1.8395932199222016,4.982440492105363,3.092722116326971,4.616526854355171,3.1077596630838284,5.0726657726465065,3.709261533358118,4.481188933543455,3.6892114710156414,5.047603194718412,4.175425482820692,4.486201449129075,4.1603879360638345,4.992465523276602,4.235575669848121,4.541339120570885,4.2305631542625015,5.1578785376020315,4.451113840029741,4.305750888046788,4.4260512621016455
4.916392676030557,1.9240259700222573,4.93664558097816,1.9240259700222573,4.9568984859257625,1.9189627437853565,4.855633961187749,1.9240259700222573,4.825254603766345,1.9240259700222573,4.799938472581841,1.9240259700222573,4.977151390873366,1.9189627437853565,4.729053305265232,1.9290891962591579,4.926519128504359,2.055669852181675,4.850570734950848,2.0607330784185756,5.164490761638691,2.1569343769196885,4.521461029552304,2.1771872818672913,5.569548860590745,1.8835201601270517,4.1417190617847535,1.8885833863639525,5.103732046795883,1.8582040289425483,4.6176623280534175,1.8582040289425483,4.992341069584067,1.8379511239949458,4.744242983975934,1.8430143502318463,4.992341069584067,1.8683304814163497,4.7493062102128345,1.8885833863639525,5.0176572007685705,1.8885833863639525,4.70880040031763,1.9037730650746545,5.032846879479273,3.1594531718260224,4.663231364185523,3.1746428505367246,5.134111404217286,3.7569138677803022,4.506271350841603,3.7518506415434016,5.093605594322081,4.217667455338264,4.531587482026106,4.202477776627561,5.032846879479273,4.273362943944171,4.587282970632013,4.26323649147037,5.215123024007697,4.496144898367801,4.3543745637345825,4.470828767183297
4.9921394631705684,2.0256467028725065,5.012704404316482,2.0256467028725065,5.028128110175917,2.020505467586028,4.925303404446349,2.030787938158985,4.899597228013956,2.0256467028725065,4.868749816295086,2.0256467028725065,5.05383428660831,2.0102229970130714,4.8019137575708655,2.020505467586028,5.002421933743525,2.159318820320946,4.925303404446349,2.159318820320946,5.238918756921533,2.231296114331644,4.59112311082525,2.2570022907640364,5.655358815126287,1.9639518794347652,4.210671699625845,1.9896580558671575,5.1823651687702705,1.9433869382888516,4.68880658126834,1.9331044677158946,5.069257992467745,1.9228219971429377,4.8173374634303014,1.9228219971429377,5.069257992467745,1.9588106441482869,4.82247869871678,1.9639518794347652,5.0949641689001375,1.9896580558671575,4.781348816424952,1.9793755852942005,5.110387874759573,3.238978230481419,4.735077698846646,3.249260701054376,5.21835381577562,3.819937817853483,4.565416934392857,3.8096553472805263,5.172082698197314,4.2929314642095,4.601405581398207,4.272366523063586,5.110387874759573,4.339202581787806,4.663100404835948,4.328920111214849,5.295472345072796,4.565416934392857,4.421462346371461,4.544851993246944
5.083612867621595,2.125588902424683,5.104554630207059,2.1203534617783166,5.1202609521461575,2.1098825804855843,5.015552139218833,2.125588902424683,4.989374935987002,2.125588902424683,4.957962292108805,2.1203534617783166,5.1464381553779885,2.099411699192852,4.889901563706045,2.1151180211319507,5.0940837489143265,2.2617103592302046,5.015552139218833,2.2617103592302046,5.334914018647172,2.3140647656938667,4.67524849720503,2.345477409572064,5.758984711002836,2.0627636146682886,4.293061330020296,2.0837053772537533,5.298265934122609,2.031350970790091,4.779957310132354,2.020880089497359,5.177850799256186,2.0104092082046265,4.9003724449987764,2.0104092082046265,5.177850799256186,2.052292733375556,4.910843326291509,2.052292733375556,5.204028002488017,2.0784699366073873,4.868959801120579,2.073234495961021,5.204028002488017,3.324504810442546,4.821840835303283,3.3349756917352784,5.319207696708074,3.9056387221891957,4.6438358533268325,3.8951678408964634,5.2616178495980455,4.382063821008521,4.685719378497762,4.366357499069423,5.198792561841651,4.423947346179451,4.748544666254157,4.418711905533085,5.397739306403567,4.659542175265931,4.497243515228578,4.638600412680466
5.151193633952254,2.212201591511936,5.172413793103448,2.206896551724138,5.188328912466844,2.1962864721485413,5.082228116710875,2.217506631299735,5.0557029177718835,2.212201591511936,5.023872679045093,2.206896551724138,5.2148541114058355,2.180371352785146,4.954907161803714,2.206896551724138,5.161803713527852,2.350132625994695,5.082228116710875,2.3554376657824934,5.405835543766578,2.3978779840848805,4.742705570291777,2.4350132625994694,5.835543766578249,2.1485411140583555,4.350132625994695,2.1750663129973473,5.36870026525199,2.116710875331565,4.843501326259947,2.1061007957559683,5.246684350132626,2.1007957559681696,4.9655172413793105,2.0848806366047747,5.246684350132626,2.143236074270557,4.970822281167108,2.13262599469496,5.273209549071618,2.180371352785146,4.928381962864721,2.1591511936339525,5.267904509283819,3.4111405835543764,4.880636604774536,3.4217506631299734,5.395225464190982,3.973474801061008,4.689655172413793,3.9787798408488064,5.3315649867374,4.445623342175066,4.748010610079576,4.440318302387268,5.267904509283819,4.4880636604774535,4.811671087533156,4.482758620689655,5.469496021220159,4.726790450928382,4.5570291777188325,4.705570291777188
5.335164835164835,2.3626373626373627,5.351648351648351,2.357142857142857,5.373626373626373,2.3516483516483517,5.258241758241758,2.3736263736263736,5.225274725274725,2.368131868131868,5.197802197802198,2.3626373626373627,5.395604395604396,2.32967032967033,5.131868131868132,2.3626373626373627,5.34065934065934,2.5054945054945055,5.258241758241758,2.510989010989011,5.5989010989010985,2.543956043956044,4.912087912087912,2.5824175824175826,6.043956043956044,2.291208791208791,4.5054945054945055,2.3131868131868134,5.56043956043956,2.241758241758242,5.016483516483516,2.2527472527472527,5.434065934065934,2.230769230769231,5.137362637362638,2.2252747252747254,5.434065934065934,2.269230769230769,5.148351648351649,2.269230769230769,5.461538461538462,2.302197802197802,5.104395604395604,2.3076923076923075,5.456043956043956,3.5604395604395602,5.054945054945055,3.565934065934066,5.5989010989010985,4.126373626373627,4.857142857142857,4.1208791208791204,5.521978021978022,4.604395604395604,4.912087912087912,4.593406593406593,5.456043956043956,4.642857142857143,4.983516483516484,4.642857142857143,5.65934065934066,4.895604395604396,4.71978021978022,4.873626373626373
5.480204123203778,2.502814872762138,5.502802903093279,2.491515482817388,5.525401682982779,2.485865787845013,5.401108393590528,2.508464567734513,5.367210223756278,2.508464567734513,5.333312053922028,2.502814872762138,5.548000462872279,2.463267007955513,5.271165409225903,2.491515482817388,5.491503513148529,2.638407552099139,5.395458698618153,2.655356637016264,5.75138948187778,2.683605111878139,5.050827305303277,2.694904501822889,6.214664469612533,2.429368838121263,4.627100182375149,2.440668228066013,5.71749131204353,2.3672221934251376,5.124273339944152,2.3954706682870124,5.587548327678904,2.355922803480387,5.254216324308778,2.3672221934251376,5.58189863270653,2.4011203632593876,5.271165409225903,2.4124197532041376,5.615796802540779,2.4350185330936376,5.220318154474527,2.446317923038388,5.610147107568404,3.683601121988519,5.197719374585027,3.694900511933269,5.76268887182253,4.248570619226022,4.988680660607151,4.248570619226022,5.677943447236904,4.7287946918779,5.050827305303277,4.7287946918779,5.60449741259603,4.7739922516569,5.124273339944152,4.7739922516569,5.819185821546281,5.033878220386152,4.853087981270151,5.011279440496652
5.617296916618808,2.637636839072815,5.640484932786482,2.6318398350308967,5.663672948954154,2.6260428309889785,5.524544851948116,2.6434338431147335,5.495559831738524,2.637636839072815,5.460777807487015,2.637636839072815,5.692657969163746,2.6028548148213053,5.4028077670678325,2.6260428309889785,5.623093920660726,2.7767649360788536,5.524544851948116,2.7883589441626904,5.895553110630885,2.805749956288445,5.182521613474938,2.8231409684142,6.370907442068184,2.5680727905697958,4.7361523022472305,2.573869794611714,5.860771086379376,2.510102750150613,5.257882666019875,2.527493762276368,5.7332369974571735,2.492711738024858,5.391213758983995,2.4985087420667766,5.727439993415255,2.5448847744021226,5.4028077670678325,2.5506817784440408,5.762222017666765,2.579666798653632,5.350634730690568,2.5854638026955508,5.756425013624847,3.8086316555403066,5.3332437185648125,3.820225663624143,5.924538130840477,4.3709410476063795,5.112957564971919,4.382535055690216,5.825989062127866,4.852092383085596,5.182521613474938,4.852092383085596,5.750628009582929,4.898468415420942,5.252085661977957,4.892671411379024,5.970914163175823,5.159333597307264,4.979626472007798,5.147739589223428
5.699901386642208,2.7411290466205043,5.7234303913342295,2.735246795447499,5.741077144853246,2.729364544274494,5.599903116701117,2.74701129779351,5.564609609663084,2.7411290466205043,5.529316102625052,2.735246795447499,5.770488400718272,2.705835539582472,5.476375842068004,2.723482293101488,5.699901386642208,2.888185325945639,5.594020865528111,2.894067577118644,5.976367191773461,2.89994982829165,5.252850297493799,2.905832079464655,6.464594039132907,2.6823065348904507,4.799916957172385,2.699953288409467,5.941073684735429,2.6293662743334023,5.323437311569863,2.6293662743334023,5.81166415892931,2.611719520814386,5.458729088548988,2.59407276729537,5.805781907756304,2.6587775301984293,5.476375842068004,2.641130776679413,5.835193163621332,2.688188786063456,5.42931783268396,2.6764242837174455,5.835193163621332,3.899932527702563,5.405788827991939,3.905814778875569,6.023425201157504,4.452864137965069,5.170498781071724,4.494039896176106,5.911662428870401,4.923444231805498,5.252850297493799,4.923444231805498,5.829310912448326,4.970502241189541,5.329319562742869,4.964619990016536,6.058718708195536,5.235203543974783,5.052853757611617,5.223439041628772
5.98735785324024,2.9720080347004294,6.018316270268369,2.9658163512948033,6.036891320485247,2.9596246678891776,5.888290918750226,2.978199718106055,5.851140818316471,2.9720080347004294,5.813990717882715,2.9658163512948033,6.074041420919002,2.9410496176723,5.7582655672320815,2.9472413010779257,5.98735785324024,3.1206084364354507,5.875907551938973,3.126800119841077,6.284558656710283,3.1206084364354507,5.529173281223923,3.126800119841077,6.7984683793772325,2.91009120064417,5.05241365899073,2.934857934266674,6.253600239682154,2.8357909997766595,5.597281798685809,2.8481743665879113,6.1235748881640095,2.817215949559782,5.727307150203952,2.8110242661541562,6.111191521352758,2.860557733399163,5.752073883826456,2.8481743665879113,6.148341621786513,2.8977078338329187,5.702540416581448,2.8915161504272926,6.1421499383808875,4.123661148146845,5.690157049770197,4.123661148146845,6.346475490766542,4.699487704870053,5.436298030139535,4.724254438492557,6.216450139248398,5.1886306939145,5.516789914412672,5.182439010508873,6.129766571569635,5.231972477753881,5.597281798685809,5.225780794348255,6.377433907794671,5.510598231007046,5.318656045432643,5.50440654760142
6.252296221641145,3.190871674191599,6.284658003326658,3.184399317854496,6.304075072337966,3.171454605180291,6.148738520247503,3.1973440305287015,6.109904382224887,3.1973440305287015,6.077542600539374,3.184399317854496,6.342909210360582,3.1455651798318804,6.012819037168348,3.1585098925060855,6.252296221641145,3.3332635136078568,6.135793807573298,3.3462082262820623,6.562969325822071,3.3267911572707543,5.7798142090326525,3.3591529389562673,7.10017490180159,3.132620467157675,5.28144277107575,3.1649822488431885,6.537079900473661,3.0420074784382383,5.844537772403679,3.0549521911124433,6.407632773731608,3.0225904094269302,5.986929611819937,3.0161180530898277,6.394688061057403,3.0743692601237513,6.012819037168348,3.0614245474495463,6.427049842742917,3.1067310418092644,5.961040186471527,3.100258685472162,6.414105130068711,4.342951102195868,5.941623117460218,4.342951102195868,6.6341652455302,4.925463172535105,5.669784151301908,4.951352597883515,6.491773406113943,5.423834610492007,5.760397140021345,5.423834610492007,6.401160417394506,5.469141104851726,5.844537772403679,5.469141104851726,6.6665270272157136,5.760397140021345,5.559754093571163,5.753924783684242
6.586877265884486,3.467496011470797,6.614180384085044,3.4606702319206577,6.641483502285602,3.447018672820379,6.470839013532117,3.4743217910209365,6.436710115781421,3.467496011470797,6.402581218030724,3.4538444523705185,6.689263959136577,3.412889775069682,6.341149202079469,3.4197155546198217,6.586877265884486,3.617663161573863,6.464013233981978,3.6244889411240027,6.921340463841315,3.583534263823166,6.095421138274452,3.610837382023724,7.487880166502883,3.3992382159694037,5.5698361129137215,3.4197155546198217,6.928166243391455,3.3036773022674524,6.163678933775846,3.3241546409178704,6.77117331373825,3.2763741840668947,6.3070203043287725,3.2900257431671736,6.750695975087831,3.33098042046801,6.327497642979191,3.33098042046801,6.784824872838528,3.371935097768846,6.279717186128215,3.371935097768846,6.7643475341881105,4.600575416793932,6.2660656270279365,4.593749637243792,6.996424038892848,5.214895576306475,5.9793828859220834,5.228547135406753,6.846256888789783,5.726829042566926,6.0612922405237555,5.726829042566926,6.750695975087831,5.7746094994179025,6.156853154225707,5.767783719867763,7.023727157093406,6.074943799624035,5.849693074469435,6.068118020073895
6.959880637770434,3.7687320465935334,6.995979603733973,3.761512253400826,7.024858776504805,3.7470726670154098,6.844363946687107,3.7759518397862415,6.808264980723568,3.7687320465935334,6.772166014760028,3.754292460208118,7.068177535661053,3.7037539078591624,6.699968082832949,3.7109737010518704,6.967100430963142,3.9203477036403998,6.837144153494399,3.927567496833108,7.313650504213122,3.833710185327905,6.4472753210881715,3.8914685308695685,7.905673546015171,3.6820945282810387,5.891351245249662,3.732633080629994,7.342529676983953,3.581017423583128,6.505033666629835,3.6098965963539595,7.176474433551672,3.544918457619588,6.642209737291285,3.552138250812296,7.1475952607808395,3.6026768031612515,6.663869116869409,3.6026768031612515,7.183694226744379,3.6387757691247913,6.620550357713162,3.645995562317499,7.154815053973548,4.866140611885137,6.627770150905869,4.85892081869243,7.407507815718325,5.523141792421558,6.3245388368121365,5.530361585614266,7.241452572286042,6.071846075067359,6.403956561931924,6.057406488681944,7.1403754675881315,6.115164834223608,6.497813873437127,6.1007252478381915,7.429167195296449,6.432835734702755,6.187362766150686,6.41839614831734
7.43579463702679,4.1155540410542875,7.466680596059092,4.107832551296212,7.497566555091395,4.0923895717800605,7.312250800897581,4.123275530812363,7.265921862349127,4.1155540410542875,7.227314413558749,4.107832551296212,7.551616983397924,4.046060633231607,7.165542495494145,4.061503612747758,7.443516126784865,4.285426815731951,7.304529311139505,4.300869795248102,7.821869124930569,4.185047448876968,6.887568864203423,4.262262346457724,8.439588305576617,4.038339143473531,6.300735642589679,4.084668082021985,7.845033594204796,3.9302382868604737,6.9493407822680275,3.961124245892776,7.675160819527133,3.8684663687958687,7.10377057742954,3.88390934831202,7.64427486049483,3.9534027561347003,7.126935046703767,3.9534027561347003,7.682882309285208,3.9920102049250783,7.080606108155313,3.999731694683154,7.64427486049483,5.219727076459097,7.088327597913389,5.227448566217172,7.9299699815436275,5.914661154685899,6.764025028074214,5.922382644443975,7.736932737591737,6.493772886541568,6.856682905171121,6.478329907025417,7.636553370736755,6.547823314848097,6.9493407822680275,6.532380335331946,7.937691471301703,6.879847374445347,6.625038212428853,6.864404394929196
7.884649966674835,4.466875500870878,7.925630475857136,4.458679399034418,7.958414883202978,4.442287195361497,7.745316235455009,4.475071602707339,7.704335726272707,4.458679399034418,7.663355217090405,4.450483297197957,8.0157875960582,4.393110584342735,7.605982504235183,4.409502788015656,7.901042170347755,4.655385843109466,7.745316235455009,4.663581944945926,8.302651160334312,4.565228722908402,7.310922838122612,4.606209232090704,8.966535409087598,4.425894991688576,6.688019098551627,4.409502788015656,8.327239465843693,4.26197295495937,7.376491652814294,4.27836515863229,8.146925225441565,4.212796343940608,7.5404136895435006,4.1964041402676875,8.114140818095724,4.286561260468751,7.5650019950528815,4.27836515863229,8.155121327278025,4.327541769651052,7.51582538403412,4.327541769651052,8.114140818095724,5.581545350629483,7.5240214858705805,5.589741452465943,8.417396586044756,6.294606210401531,7.179785208739246,6.286410108565071,8.204297938296786,6.892921644463135,7.27813843077677,6.876529440790215,8.105944716259263,6.9502943573183575,7.368295550977834,6.933902153645437,8.417396586044756,7.302726736286151,7.03225537568296,7.286334532613231
8.475441973354783,4.89848829229237,8.510682896320915,4.889678061550837,8.545923819287049,4.8720576000677704,8.31685782000719,4.907298523033903,8.272806666299523,4.89848829229237,8.237565743333391,4.880867830809304,8.616405665219313,4.819196215618573,8.167083897401128,4.828006446360106,8.484252204096316,5.10112359934763,8.31685782000719,5.10112359934763,8.924763741172969,4.995400830449233,7.858725821447472,5.057072445639965,9.62077196975408,4.8544371385847045,7.18914828509096,4.8368166771016385,8.942384202656035,4.69585298523711,7.929207667379735,4.69585298523711,8.75736935708384,4.625371139304845,8.105412282210397,4.616560908563312,8.722128434117709,4.704663215978643,8.131842974434996,4.69585298523711,8.766179587825373,4.757524600427842,8.078981589985798,4.748714369686308,8.713318203376176,6.017387596467066,8.08779182072733,6.035008057950132,9.056917202295965,6.7838776709804405,7.726572360324476,6.7662572094973745,8.819040972274573,7.409404053629286,7.823484898481339,7.39178359214622,8.713318203376176,7.471075668820018,7.920397436638202,7.453455207336951,9.048106971554432,7.849915590705939,7.559177976235348,7.832295129222872
8.533249054746513,5.075505427354436,8.577693060239984,5.057727825157047,8.61324826463476,5.039950222959659,8.38213943606871,5.066616626255742,8.337695430575238,5.048839024058354,8.293251425081767,5.031061421860965,8.675469872325621,4.968839814170105,8.2399186184896,4.95995101307141,8.542137855845207,5.2532814493283215,8.373250634970015,5.244392648229628,9.004355512977309,5.128838233946602,7.928810580035301,5.137727035045296,9.697681998675463,5.02217262076227,7.2354840943371475,4.977728615268799,9.022133115174698,4.83550779768969,7.999920988824855,4.853285399887079,8.835468292102117,4.773286189998831,8.186585811897436,4.755508587801442,8.79991308770734,4.826618996590996,8.204363414094823,4.826618996590996,8.844357093200813,4.871063002084467,8.151030607502658,4.888840604281856,8.782135485509952,6.133272758099056,8.159919408601352,6.133272758099056,9.137687529457724,6.862154448191987,7.795478563554887,6.844376845994598,8.897689899792978,7.4754817240018925,7.893255375640524,7.457704121804504,8.791024286608646,7.537703331692753,7.982143386627467,7.519925729495364,9.119909927260336,7.919921778936607,7.6354801437783895,7.902144176739219
8.687693867351216,5.2307156826343775,8.732942272910336,5.221666001522554,8.769140997357633,5.203566639298905,8.533849288450204,5.239765363746202,8.488600882891083,5.221666001522554,8.443352477331963,5.203566639298905,8.832488765140402,5.122119509292488,8.380004709549194,5.131169190404312,8.69674354846304,5.420758985982686,8.52479960733838,5.420758985982686,9.167326966277898,5.285013769305323,8.063265870635346,5.294063450417147,9.864152411888359,5.194516958187081,7.357390743913061,5.140218871516136,9.203525690725193,5.031622698174246,8.13566331952994,5.08592078484519,9.013482387376886,4.959225249279652,8.325706622878249,4.977324611503301,8.977283662929588,5.004473654838773,8.35285566621372,5.04067237928607,9.004432706265062,5.094970465957015,8.289507898430951,5.094970465957015,8.932035257370469,6.289528372717807,8.3076072606546,6.289528372717807,9.30307218295526,6.986353818328269,7.927520653957984,6.986353818328269,9.058730792936007,7.610781815044137,8.036116827299875,7.5926824528204895,8.950134619594117,7.674129582826907,8.117563957306292,7.656030220603259,9.284972820731612,8.063265870635346,7.773676075056973,8.045166508411699
9.275254087610303,5.681093128661311,9.323562702649939,5.671431405653383,9.36220959468165,5.6521079596375285,9.111004796475537,5.6907548516692374,9.0626961814359,5.671431405653383,9.014387566396262,5.6521079596375285,9.42984165573714,5.5554907295582545,8.946755505340771,5.584475898582037,9.28491581061823,5.874327588819859,9.101343073467609,5.874327588819859,9.787325407030455,5.681093128661311,8.608595200063313,5.768048635732657,10.531278078640865,5.613461067605819,7.864642528452903,5.565152452566181,9.874280914101801,5.594137621589963,8.68588898412673,5.478196945494835,9.642399561911544,5.429888330455198,8.888785167293207,5.410564884439343,9.613414392887762,5.4588734994789805,8.91777033631699,5.4588734994789805,9.652061284919471,5.516843837526545,8.850138275261497,5.516843837526545,9.526458885816416,6.714897490509542,8.859799998269425,6.734220936525396,9.932251252149365,7.468511885127879,8.4636693549444,7.497497054151661,9.671384730935326,8.125509049666942,8.57961003103953,8.106185603651088,9.555444054840198,8.193141110722435,8.666565538110877,8.17381766470658,9.912927806133512,8.608595200063313,8.309081786817563,8.589271754047457
9.142442529014657,5.68545644773099,9.190059417186609,5.6759330700966,9.22815292772417,5.656886314827819,8.971021731595632,5.6949798253653805,8.92340484342368,5.6759330700966,8.88531133288612,5.666409692462209,9.294816571164901,5.571175916118307,8.809124311810997,5.590222671387087,9.142442529014657,5.875924000418795,8.961498353961241,5.885447378053185,9.647181543637341,5.68545644773099,8.47580609460734,5.752120091171722,10.380481621485393,5.609269426655868,7.752029394393678,5.580699293752697,9.742415319981244,5.494988895043185,8.561516493316851,5.456895384505623,9.504330879121488,5.399755118699282,8.761507423639047,5.380708363430501,9.466237368583926,5.428325251602453,8.790077556542217,5.418801873968063,9.504330879121488,5.475942139774404,8.732937290735876,5.475942139774404,9.380526969874413,6.704457854610749,8.723413913101485,6.733027987513919,9.780508830518805,7.352047533749287,8.342478807725875,7.380617666652458,9.532901012024658,8.009160590522216,8.456759339338557,7.990113835253435,9.418620480411976,8.075824233962948,8.542469738048071,8.056777478694167,9.761462075250025,8.485329472241729,8.190104765575631,8.466282716972948
9.044654626532749,5.715391766088473,9.091811324272753,5.696529086992471,9.129536682464755,5.67766640789647,8.874890514668735,5.715391766088473,8.827733816928731,5.696529086992471,8.790008458736727,5.68709774744447,9.204987398848761,5.583353012416462,8.71455774235272,5.611647031060464,9.054085966080748,5.894587217500487,8.874890514668735,5.904018557048489,9.55394696212479,5.696529086992471,8.393892197720694,5.753117124280476,10.27072876777285,5.639941049704467,7.677110392072636,5.6022156915124635,9.638829018056798,5.573921672868461,8.497636932748703,5.470176937840453,9.412476868904779,5.423020240100449,8.686263723708718,5.404157561004447,9.374751510712775,5.451314258744451,8.71455774235272,5.43245157964845,9.412476868904779,5.489039616936454,8.657969705064716,5.489039616936454,9.271006775684768,6.715113758176556,8.629675686420715,6.733976437272557,9.6576916971528,7.290425470604603,8.261853444048684,7.299856810152604,9.440770887548782,7.931756559868656,8.375029518624693,7.912893880772654,9.327594812972771,7.997775936704662,8.4599115745567,7.97891325760866,9.6671230367008,8.393892197720694,8.110952011280672,8.384460858172694
9.392824287305118,6.0039638040855445,9.44179625960598,5.984375015165201,9.480973837446667,5.964786226244856,9.216525187022018,6.0039638040855445,9.167553214721158,5.994169409625372,9.128375636880468,5.974580620705028,9.559328993128045,5.866842281643134,9.050020481199091,5.896225465023651,9.40261868176529,6.190057298828816,9.216525187022018,6.199851693288988,9.90213279923407,6.023552593005889,8.717011069553237,6.052935776386406,10.646506778207156,5.915814253943995,7.972637090580152,5.896225465023651,9.960899165995105,5.719926364740552,8.81495501415496,5.749309548121068,9.765011276791661,5.641571209059174,9.010842903358403,5.661159997979518,9.716039304490799,5.680748786899863,9.040226086738919,5.700337575820207,9.745422487871316,5.719926364740552,8.991254114438059,5.75910394258124,9.598506570968734,7.022580827943451,8.932487747677026,7.051964011323967,10.000076743835793,7.571066917713093,8.579889547110827,7.620038890013954,9.804188854632349,8.246880135464973,8.697422280632894,8.207702557624284,9.706244910030629,8.305646502226006,8.785571830774442,8.286057713305661,10.039254321676482,8.717011069553237,8.423179235748073,8.697422280632894
9.918670155336468,6.391802039622458,9.970383764071277,6.371116596128535,10.011754651059126,6.350431152634611,9.732501163891154,6.402144761369421,9.691130276903307,6.391802039622458,9.639416668168497,6.371116596128535,10.084153703287859,6.247003935164992,9.556674894192803,6.2987175438998015,9.92901287708343,6.598656474561697,9.732501163891154,6.598656474561697,10.456491686178488,6.402144761369421,9.215365076543058,6.443515648357268,11.211510373706707,6.319402987393725,8.418975502026992,6.278032100405877,10.487519851419373,6.060834943719677,9.318792294012678,6.122891274201449,10.291008138227097,6.009121334984868,9.525646728951916,6.050492221972715,10.239294529492287,6.050492221972715,9.556674894192803,6.081520387213601,10.270322694733174,6.081520387213601,9.504961285457993,6.133233995948411,10.125524590275706,7.4157314925716875,9.422219511482297,7.426074214318649,10.549576181901145,7.994923910401554,9.06022425033863,8.067322962630287,10.353064468708869,8.708571710941925,9.184336911302173,8.667200823954078,10.259979972986212,8.780970763170659,9.27742140702483,8.749942597929772,10.601289790635954,9.205022354796098,8.89474070238724,9.184336911302173
10.573472869473932,6.868898433453868,10.62860046524804,6.846847395144224,10.672702541867325,6.81377083767976,10.386039043841963,6.868898433453868,10.330911448067855,6.857872914299047,10.275783852293747,6.846847395144224,10.749881175951078,6.6814646078219,10.187579699055174,6.74761772275083,10.584498388628754,7.078383297395479,10.375013524687143,7.0894088165503,11.135774346369834,6.791719799370116,9.823737566946061,6.901974990918333,11.951662763826635,6.74761772275083,8.974772592024797,6.74761772275083,11.179876422989121,6.505056301344754,9.911941720184634,6.593260454583327,10.97039155904751,6.460954224725468,10.143477622435888,6.494030782189933,10.915263963273402,6.494030782189933,10.176554179900354,6.505056301344754,10.948340520737867,6.527107339654398,10.110401064971423,6.582234935428506,10.793983252570364,7.8391441190781705,10.033222430887673,7.850169638232992,11.31218265284698,8.401445595974073,9.658354779623737,8.555802864141576,11.03654467397644,9.283487128359802,9.790661009481596,9.239385051740516,10.937315001583045,9.360665762443553,9.87886516272017,9.33861472413391,11.290131614537337,9.81271204779124,9.481946473146591,9.779635490326775
10.519265926500097,6.844652698786299,10.574110900048064,6.822714709367112,10.617986878886438,6.800776719947925,10.321824021727416,6.855621693495892,10.266979048179449,6.833683704076705,10.223103069341075,6.822714709367112,10.694769841853592,6.680117778142398,10.124382116954733,6.7349627516903645,10.519265926500097,7.053063598268574,10.321824021727416,7.075001587687761,11.067715661979769,6.822714709367112,9.773374286247744,6.899497672334266,11.879421270489683,6.7349627516903645,8.92876169360905,6.7239937569807715,11.10062264610855,6.4936448680793095,9.861126243924492,6.570427831046463,10.892211746626273,6.438799894531342,10.091475132825954,6.471706878660123,10.8483357677879,6.482675873369716,10.124382116954733,6.4936448680793095,10.88124275191668,6.5155828574984955,10.058568148697173,6.559458836336869,10.738645820691966,7.853800212068895,9.981785185730018,7.864769206778488,11.210312593204483,8.369342963419784,9.619808360313437,8.490001905225313,10.979963704303021,9.235893545477666,9.740467302118963,9.181048571929699,10.88124275191668,9.31267650844482,9.817250265086118,9.290738519025632,11.232250582623669,9.762405291538151,9.433335450250347,9.72949830740937
10.511680144370052,6.85067788345285,10.566485567437676,6.8287557142258,10.610329905891774,6.795872460385227,10.314380621326611,6.861638968066375,10.259575198258988,6.8397167988393255,10.21573085980489,6.8287557142258,10.687057498186446,6.664339445022932,10.117081098283169,6.741067037317604,10.511680144370052,7.058938491109816,10.314380621326611,7.069899575723341,11.05973437504628,6.806833544998752,9.766326390650383,6.894522221906948,11.870854636447099,6.73010595270408,8.922322875408991,6.741067037317604,11.092617628886854,6.478001006593015,9.85401506755858,6.565689683501211,10.884357021229889,6.423195583525392,10.084197844442595,6.46703992197949,10.84051268277579,6.456078837365966,10.117081098283169,6.499923175820064,10.873395936616363,6.499923175820064,10.051314590602022,6.565689683501211,10.71994075202702,7.83717549867006,9.963625913693825,7.859097667897109,11.158384136568001,8.374268644732764,9.612871206061039,8.494840575481534,10.972045698138084,9.229233244587679,9.733443136809809,9.18538890613358,10.873395936616363,9.30596083688235,9.810170729104481,9.284038667655302,11.213189559635625,9.755365306036857,9.426532767631121,9.733443136809809
9.860954441608143,6.416304037083922,9.902084595692013,6.395738960041986,9.943214749775885,6.364891344479083,9.68615128675169,6.416304037083922,9.624456055625883,6.406021498562954,9.583325901542011,6.3854564215210186,10.025475057943629,6.241500882227469,9.490783054853301,6.303196113353276,9.860954441608143,6.611672268982311,9.675868748230721,6.621954807503278,10.375081367656534,6.37517388300005,9.16174182218233,6.436869114125858,11.135989218208152,6.303196113353276,8.369986356067809,6.323761190395212,10.405928983219438,6.066697727371015,9.223437053308137,6.28263103631134,10.210560751321049,6.005002496245209,9.439370362248463,6.118110419975855,10.169430597237177,6.04613265032908,9.459935439290398,6.138675497017791,10.20027821280008,6.076980265891984,9.39824020816459,6.210653266664566,10.046040134985564,7.393145196575865,9.346827515559752,7.4137102736178,10.477906752866213,7.876424507061353,9.028068821409748,7.948402276708127,10.282538520967824,8.657897434654908,9.130894206619427,8.616767280571036,10.20027821280008,8.729875204301683,9.202871976266202,8.709310127259746,10.519036906950083,9.151459283661364,8.842983128032328,9.130894206619427
9.817325982113132,6.346967788227468,9.85827416139202,6.326493698588025,9.899222340670907,6.29578256412886,9.643296220177863,6.35720483304719,9.592110996079255,6.346967788227468,9.540925771980646,6.326493698588025,9.98111869922868,6.172938026292199,9.459029413422872,6.2343602952105295,9.817325982113132,6.5414716398021815,9.633059175358142,6.551708684621903,10.308704133459775,6.29578256412886,9.121206934372056,6.3879159675063555,11.086719539758626,6.224123250390808,8.322717438433761,6.244597340030251,10.39060049201755,6.019382353996373,9.15191806883122,6.244597340030251,10.185859595623114,5.957960085078043,9.356658965225655,6.070567578094982,10.124437326704784,5.988671219537208,9.377133054865098,6.091041667734426,10.165385505983672,6.1217528021935905,9.315710785946768,6.142226891833034,10.001592788868123,7.329724090920754,9.305473741127047,7.350198180560198,10.431548671296436,7.862050421546283,8.988125351715674,7.943946780104057,10.247281864541446,8.619591738205692,9.09049579991289,8.578643558926805,10.15514846116395,8.691251051943743,9.162155113650943,8.6707769623043,10.472496850575324,9.110969889552333,8.814095589780404,9.080258755093169
9.775413999478996,6.268904702481317,9.816187363397574,6.248518020522028,9.856960727316151,6.217937997583095,9.602127202825042,6.279098043460961,9.55116049792682,6.268904702481317,9.500193793028597,6.248518020522028,9.938507455153307,6.116004587786651,9.418647065191442,6.166971292684873,9.775413999478996,6.472771522074205,9.591933861845398,6.48296486305385,10.254501025522284,6.238324679542384,9.082266812863176,6.350451430318472,11.02919493997526,6.156777951705228,8.287186216450912,6.177164633664517,10.346241094339083,5.963104473091985,9.11284683580211,6.116004587786651,10.142374274746196,5.901944427214118,9.316713655394999,5.973297814071628,10.08121422886833,5.942717791132695,9.337100337354286,6.003877837010562,10.111794251807263,6.095617905827361,9.286133632456064,6.054844541908784,9.969087478092241,7.278045459466115,9.27594029147642,7.308625482405048,10.387014458257662,7.838679213346557,8.949753380127799,7.930419282163357,10.203534320624062,8.582793104860599,9.051686789924243,8.542019740942022,10.111794251807263,8.65414649171811,9.123040176781753,8.633759809758821,10.427787822176239,9.072073471883531,8.776466583473844,9.041493448944598
9.825438039434763,6.2600027550517625,9.876665557888542,6.239511747670251,9.917647572651564,6.219020740288739,9.661509980382672,6.29073926612403,9.600036958238137,6.280493762433274,9.559054943475113,6.2600027550517625,9.989366098486855,6.137056710762693,9.466845410258312,6.167793221834961,9.825438039434763,6.464912828866877,9.651264476691916,6.475158332557633,10.306976712900283,6.208775236597984,9.128743788463371,6.3727032956500755,11.08563499339772,6.116565703381182,8.33984000427518,6.198529732907228,10.40943174980784,5.942392140638334,9.169725803226395,6.044847177545892,10.19427617230197,5.870673614803044,9.37463587704151,5.9116556295660665,10.143048653848192,5.901410125875311,9.395126884423021,5.942392140638334,10.163539661229702,6.09607469599967,9.343899365969243,6.003865162782868,10.020102609559123,7.2640621167458255,9.32340835858773,7.315289635199605,10.450413764570863,7.889037841881926,8.985306736792792,8.001738382480239,10.255749194446505,8.62671410761634,9.098007277391105,8.585732092853318,10.163539661229702,8.698432633451631,9.179971306917151,8.677941626070119,10.481150275643131,9.118498284772617,8.8213786777407,9.077516270009593
9.2569551291063,5.8012826200134375,9.305218711635531,5.781977187001745,9.343829577658914,5.772324470495899,9.102511665012765,5.810935336519283,9.054248082483534,5.8012826200134375,9.005984499954305,5.781977187001745,9.411398593199836,5.685450021943286,8.919110051401692,5.704755454954977,9.266607845612146,6.003989666636203,9.102511665012765,6.01364238314205,9.729938237892753,5.8012826200134375,8.600570406708773,5.878504352060205,10.453891975831203,5.6951027384491315,7.857311235758632,5.714408171460824,9.826465402951214,5.521353841343904,8.629528556226312,5.569617423873134,9.614105639822602,5.444132109297136,8.832235602849076,5.453784825802982,9.575494773799218,5.473090258814674,8.85154103586077,5.492395691826366,9.614105639822602,5.550311990861442,8.803277453331539,5.559964707367288,9.45000945922322,6.824470569633112,8.793624736825693,6.85342871915065,9.83611811945706,7.432591709501409,8.46543237562693,7.529118874559869,9.672021938857679,8.117934581416474,8.571612257191235,8.088976431898937,9.575494773799218,8.195156313463242,8.648833989238003,8.185503596957396,9.874728985480443,8.590917690202927,8.310988911533395,8.552306824179544
8.965700012365534,5.510169799266318,9.00305709575039,5.49149125757389,9.040414179135247,5.472812715881462,8.806932407979895,5.510169799266318,8.760236053748825,5.500830528420105,8.713539699517755,5.4821519867276765,9.11512834590496,5.388759278265535,8.629486261901828,5.407437819957964,8.965700012365534,5.6969552161906005,8.797593137133681,5.6969552161906005,9.413985012983812,5.463473445035248,8.321290323976763,5.594223236882246,10.114430326449869,5.407437819957964,7.602166468818277,5.398098549111749,9.47935990890731,5.220652403033681,8.367986678207833,5.258009486418538,9.292574491983029,5.1459382362639685,8.573450636824543,5.136598965417755,9.255217408598172,5.1926345904950395,8.573450636824543,5.1926345904950395,9.292574491983029,5.248670215572324,8.536093553439686,5.248670215572324,9.143146158443603,6.509471779811227,8.517415011747259,6.546828863196083,9.516716992292167,7.191238551584856,8.190540532129765,7.275291989200783,9.367288658752742,7.854326781666058,8.302611782284334,7.826308969127415,9.264556679444386,7.9290409484357705,8.367986678207833,7.919701677589556,9.563413346523237,8.311951053130548,8.041112198590339,8.274593969745691
8.801415063468026,5.280849038080816,8.838087626232477,5.262512756698591,8.874760188996927,5.244176475316365,8.645556671719113,5.290017178771929,8.590547827572438,5.280849038080816,8.553875264807989,5.262512756698591,8.948105314525828,5.170831349787465,8.471361998587975,5.198335771860803,8.801415063468026,5.455043711211954,8.636388531028,5.464211851903066,9.25065395733254,5.326689741536378,8.168813355781262,5.400034867065279,9.929096368474868,5.216672053243028,7.47203466325671,5.198335771860803,9.28732652009699,4.996636676656328,8.287999184765726,5.0241410987296655,9.10396370627474,4.923291551127427,8.471361998587975,4.923291551127427,9.076459284201402,4.978300395274102,8.480530139279088,4.96913225458299,9.113131846965853,5.0241410987296655,8.425521295132413,5.0333092394207775,8.975609736599164,6.362689639632094,8.370512450985737,6.362689639632094,9.342335364243665,7.059468332156646,8.040459386105686,7.114477176303321,9.195645113185865,7.710406321225635,8.150477074399037,7.6920700398434105,9.094795565583627,7.783751446754536,8.223822199927938,7.774583306063423,9.388176067699229,8.15964521509015,7.8937691350478865,8.132140793016813
8.799843406957658,5.142408490940881,8.836509421153314,5.124075483843053,8.882341938897886,5.114908980294138,8.644012846626115,5.1515749944897955,8.58901382533263,5.1515749944897955,8.552347811136974,5.142408490940881,8.946507463740286,5.059909959000653,8.469849279196746,5.087409469647396,8.799843406957658,5.33490506546808,8.634846343077202,5.344071569016994,9.267335087952283,5.261573037076766,8.167354662082577,5.3074055548213375,9.936489847023022,5.105742476745224,7.470700392365095,5.0690764625495675,9.276501591501198,4.885746391571283,8.295685711767375,4.92241240576694,9.093171520522914,4.803247859631055,8.488182286294574,4.821580866728883,9.06567200987617,4.849080377375626,8.488182286294574,4.867413384473454,9.102338024071827,4.9132459022180255,8.43318326500109,4.931578909315854,8.983173477935942,6.288221434555159,8.36901774015869,6.279054931006245,9.340667116343598,7.058207732663955,8.039023612397777,7.067374236212869,9.19400305956097,7.709029484636865,8.149021654984747,7.690696477539036,9.093171520522914,7.782361513028178,8.222353683376062,7.782361513028178,9.386499634088167,8.158188158533662,7.892359555615149,8.149021654984747
8.272097571976886,4.721989030670139,8.306564645193456,4.713372262365997,8.34964848671417,4.696138725757711,8.125612510806462,4.730605798974282,8.073911900981606,4.730605798974282,8.039444827765037,4.721989030670139,8.409965864843167,4.644438115932856,7.961893913027753,4.670288420845283,8.272097571976886,4.911557933361276,8.11699574250232,4.9201747016654185,8.711552755488158,4.834007018623993,7.68615732729519,4.868474091840564,9.34919360999471,4.678905189149426,7.022666167876211,4.644438115932856,8.7201695237923,4.489336286458289,7.789558546944901,4.515186591370717,8.547834157709449,4.420402140025149,7.970510681331896,4.429018908329291,8.521983852797021,4.454869213241719,7.979127449636038,4.463485981545862,8.556450926013591,4.497953054762432,7.927426839811183,4.515186591370717,8.453049706363881,5.859402446816961,7.88434299829047,5.842168910208676,8.780486901921298,6.626294825885652,7.556905802733051,6.634911594189794,8.642618609055017,7.246702143783918,7.660307022382763,7.238085375479775,8.547834157709449,7.298402753608774,7.7292411688159035,7.324253058521202,8.832187511746154,7.668923790686905,7.4104207415626275,7.668923790686905
8.03171538559093,4.4843744236216025,8.07354723655755,4.476008053428279,8.107012717330845,4.459275313041631,7.897853462497748,4.501107164008251,7.8476552413378045,4.492740793814926,7.814189760564509,4.4843744236216025,8.173943678877436,4.409077091881688,7.730526058631271,4.425809832268335,8.040081755784254,4.668434567874728,7.8811207221111,4.676800938068052,8.466766635643772,4.601503606328137,7.462802212444906,4.626602716908109,9.077511659756416,4.409077091881688,6.810225337365643,4.417443462075012,8.458400265450448,4.2668487985951815,7.579931395151441,4.291947909175153,8.299439231777294,4.199917837048591,7.747258799017918,4.216650577435239,8.274340121197323,4.233383317821886,7.755625169211242,4.250116058208534,8.30780560197062,4.275215168788505,7.705426948051299,4.300314279368477,8.22414190003738,5.613834399720328,7.663595097084679,5.613834399720328,8.516964856803716,6.433738678666068,7.345673029738371,6.433738678666068,8.391469303903857,7.036117332585388,7.437703101864934,7.036117332585388,8.299439231777294,7.094681923938655,7.51300043360485,7.119781034518627,8.583895818350307,7.446069472058258,7.195078366258541,7.446069472058258
7.55852792811798,4.117823027505941,7.5978952610769275,4.109949560914152,7.629389127444086,4.0942026277305725,7.432552462649347,4.117823027505941,7.3853116630986095,4.109949560914152,7.353817796731451,4.102076094322362,7.692376860178403,4.046961828179835,7.275083130813555,4.046961828179835,7.56640139470977,4.291039292525311,7.416805529465767,4.298912759117101,7.960074724299248,4.228051559790995,7.023132199876289,4.243798492974574,8.550584718683465,4.039088361588045,6.409001805716704,4.039088361588045,7.960074724299248,3.920986362711202,7.125487265569554,3.9052394295276227,7.794731925871667,3.8422516967933062,7.282956597405345,3.8422516967933062,7.763238059504508,3.9288598293029917,7.2987035305889245,3.881619029752254,7.810478859055245,3.968227162261939,7.2514627310381865,3.9288598293029917,7.747491126320929,5.235855283540059,7.212095398079239,5.235855283540059,8.007315523849984,6.031075409310804,6.912903667591236,6.046822342494384,7.897086991564931,6.613711937103233,6.999511800100921,6.621585403695022,7.810478859055245,6.676699669837549,7.0782464660188165,6.708193536204707,8.07817672317609,7.007385266692711,6.771181268939023,7.0152587332845
7.198451385023347,3.7902355887844053,7.228413721693579,3.782745004616847,7.258376058363812,3.775254420449289,7.071111454174859,3.7977261729519634,7.033658533337068,3.7902355887844053,6.996205612499278,3.782745004616847,7.3183007317042765,3.7303109154439404,6.921299770823697,3.7378014996114985,7.198451385023347,3.9625190246382416,7.0561302858397426,3.9775001929733578,7.565490009233694,3.932556687968009,6.674110493294279,3.9475378563031254,8.142264990135669,3.7378014996114985,6.089844928224746,3.715329747108824,7.557999425066136,3.6179521529305685,6.778978671640092,3.6179521529305685,7.385715989212299,3.5505368954225456,6.921299770823697,3.5430463112549875,7.355753652542067,3.6029709845954523,6.928790354991254,3.587989816260336,7.408187741714974,3.662895657935917,6.883846849985906,3.640423905433243,7.370734820877183,4.943785550588355,6.861375097483231,4.936294966420796,7.617924098406601,5.722806304014398,6.576732899116023,5.7302968881819565,7.513055920060787,6.2920907007488145,6.66661990912672,6.299581284916373,7.430659494217648,6.344524789921722,6.741525750802301,6.381977710759513,7.692829940082182,6.66661990912672,6.441902384099977,6.66661990912672
6.815217197201818,3.4891642674540004,6.843584386368111,3.474980672870854,6.871951575534403,3.467888875579281,6.694656643245074,3.4891642674540004,6.659197656787208,3.4820724701624273,6.623738670329343,3.467888875579281,6.928685953866989,3.425338091829842,6.55282069741361,3.432429889121415,6.815217197201818,3.64518380786861,6.680473048661928,3.6522756051601832,7.162715264488903,3.64518380786861,6.318791386791696,3.638092010577037,7.715875453231611,3.425338091829842,5.765631198048989,3.4111544972466956,7.148531669905757,3.333144727039391,6.41807654887372,3.3118693351646713,6.985420332199574,3.269318551415232,6.55282069741361,3.2551349568320855,6.957053143033281,3.3260529297478176,6.559912494705183,3.2976857405815245,7.013787521365867,3.347328321622537,6.517361710955744,3.340236524330964,6.971236737616428,4.652219023272001,6.488994521789452,4.630943631397281,7.191082453655196,5.396857738887183,6.233689819292818,5.396857738887183,7.113072683447891,5.957109724921464,6.311699589500122,5.964201522213037,7.035062913240586,6.0138441032540495,6.389709359707427,6.042211292420342,7.283275818445647,6.311699589500122,6.0989456707529275,6.311699589500122
6.470793637816156,3.1916297443546906,6.497727222156701,3.1848963482695543,6.524660806497248,3.171429556099281,6.356325904368836,3.1916297443546906,6.322658923943153,3.178162952184418,6.288991943517471,3.171429556099281,6.578527975178339,3.137762575673599,6.221657982666106,3.1512293678438716,6.470793637816156,3.353231250397966,6.342859112198562,3.359964646483103,6.800730045987843,3.359964646483103,5.999455911856602,3.359964646483103,7.325934940628488,3.1444959717587353,5.474251017215956,3.131029179588462,6.78726325381757,3.0636952187370974,6.086990060963377,3.0434950304816883,6.632395143859431,3.030028238311415,6.221657982666106,3.0030946539708694,6.6054615595188855,3.070428614822234,6.228391378751242,3.0502284265668247,6.65259533211484,3.110828991333053,6.187991002240423,3.083895406992507,6.612194955604021,4.3699740592535745,6.161057417899878,4.349773870998165,6.814196838158116,5.097180836448314,5.925388554920101,5.103914232533451,6.753596273391888,5.649319315429505,5.992722515771465,5.656052711514642,6.679528916455387,5.703186484110597,6.066789872707967,5.73685346453628,6.9219311755202995,5.992722515771465,5.790720633217371,5.992722515771465
6.140293044900551,2.9455516063466742,6.165850976408982,2.939162123469566,6.191408907917412,2.926383157715351,6.031671835989719,2.9455516063466742,5.993334938727072,2.939162123469566,5.967777007218642,2.9327726405924586,6.2361352880571665,2.8880462604527044,5.903882178447564,2.9072147090840277,6.140293044900551,3.09889919539726,6.018892870235503,3.1116781611514757,6.453377705878831,3.1180676440285833,5.6866397606259005,3.1180676440285833,6.964536336047451,2.8816567775755964,5.194649579088603,2.8752672946984887,6.4405987401246145,2.7985935001731956,5.763313555151193,2.817761948804519,6.300030116828244,2.766646085787657,5.897492695570456,2.7730355686647647,6.2680827024427055,2.8113724659274113,5.903882178447564,2.817761948804519,6.31280908258246,2.8433198803129502,5.8591557983078095,2.849709363190058,6.274472185319813,4.127605938611608,5.846376832553594,4.108437489980285,6.446988223001723,4.8240595722163535,5.635523897609038,4.8240595722163535,6.402261842861968,5.360776133893404,5.6866397606259005,5.367165616770513,6.338367014090891,5.418281479787375,5.763313555151193,5.443839411295805,6.56838839766677,5.693029243503008,5.494955274312668,5.6866397606259005
5.788920293134164,2.6866373056585195,5.813015694978636,2.674589604736284,5.837111096823106,2.6685657542751664,5.686514835295163,2.6866373056585195,5.656395582989574,2.6806134551974017,5.626276330683985,2.674589604736284,5.879278050050931,2.644470352430695,5.566037826072807,2.6625419038140485,5.788920293134164,2.8372335671864635,5.674467134372927,2.8432574176475813,6.0840889657289345,2.8673528194920523,5.361226910394803,2.8914482213365233,6.572020853079472,2.620374950586224,4.891366574427618,2.626398801047342,6.072041264806699,2.5541125955139288,5.433513115928217,2.572184146897282,5.939516554662108,2.5300171936694578,5.56001397561169,2.5360410441305756,5.90939730235652,2.5782079973584,5.566037826072807,2.572184146897282,5.951564255584343,2.6143511001251065,5.523870872844983,2.6083272496639887,5.915421152817637,3.879359696959835,5.511823171922748,3.879359696959835,6.0660174143455805,4.541983247682788,5.325083807628097,4.5480070981439065,6.04192201250111,5.054010536877798,5.367250760855921,5.054010536877798,5.975659657428815,5.10220134056674,5.439536966389334,5.126296742411211,6.192518274029053,5.373274611317039,5.186535247022388,5.361226910394803
5.603284224287473,2.5013620522573636,5.6266069473854445,2.495531371482871,5.649929670483416,2.489700690708378,5.509993331895591,2.5013620522573636,5.475009247248635,2.495531371482871,5.4458558433761715,2.489700690708378,5.690744435904864,2.4780393291593925,5.3875490356312445,2.495531371482871,5.603284224287473,2.658790433168666,5.498331970346605,2.664621113943159,5.888987582237616,2.7229279216880857,5.189305889298493,2.734589283237071,6.378764767295001,2.4605472868359146,4.728682108113571,2.4430552445124367,5.87732622068863,2.38474843676751,5.259274058592405,2.4022404790909877,5.743220562875298,2.3555950328950463,5.3875490356312445,2.3672563944440315,5.7257285205518205,2.4197325214144656,5.393379716405737,2.4139018406399733,5.754881924424284,2.448885925286929,5.352564950984288,2.448885925286929,5.7257285205518205,3.7316356956753207,5.33507290866081,3.725805014900828,5.8656648591396445,4.390502623192995,5.1659831662005224,4.390502623192995,5.859834178365152,4.897771850573858,5.200967250847478,4.886110489024873,5.795696689845733,4.950247977544293,5.270935420141391,4.950247977544293,5.999770516952976,5.200967250847478,5.020216146838205,5.189305889298493
5.44456259107061,2.3511898806392333,5.4672246622093015,2.3455243628545603,5.495552251132666,2.3398588450698874,5.359579824300517,2.3511898806392333,5.32558671759248,2.3455243628545603,5.291593610884443,2.3398588450698874,5.529545357840703,2.328527809500542,5.240603950822387,2.3455243628545603,5.450228108855282,2.5041588608254,5.348248788731171,2.509824378610073,5.722172962519579,2.572145074241474,5.042310828358837,2.5948071453801655,6.198076456432099,2.311531256146523,4.589069405585009,2.2945347027925047,5.705176409165561,2.249210560515122,5.110297041774912,2.2605415960844675,5.580535017902759,2.2265484893764302,5.234938433037715,2.2265484893764302,5.563538464548739,2.283203667223159,5.24626946860706,2.277538149438486,5.591866053472104,2.317196773931196,5.200945326329677,2.311531256146523,5.563538464548739,3.580607239913242,5.183948772975659,3.5862727576979148,5.68251433802687,4.2434728207199655,5.042310828358837,4.254803856289311,5.693845373596215,4.764700456909868,5.0593073817128555,4.747703903555849,5.637190195749486,4.815690116971924,5.132959112913603,4.81002459918725,5.829817800428364,5.053641863928183,4.883676330387997,5.0479763461435105
5.314836012401096,2.226485356546405,5.33693512263977,2.2209605789867366,5.359034232878444,2.215435801427068,5.231964349006069,2.2320101341060736,5.198815683648058,2.2320101341060736,5.171191795849715,2.226485356546405,5.392182898236455,2.204386246307731,5.11594402025303,2.2320101341060736,5.325885567520433,2.381179128217123,5.231964349006069,2.39222868333646,5.5800253352651845,2.4585260140524823,4.917052028104965,2.4751003467314874,6.038581872717669,2.182287136069057,4.475069823331484,2.182287136069057,5.563451002586179,2.132564138032041,4.994398913940323,2.132564138032041,5.441905896273472,2.1104650277933668,5.11594402025303,2.1049402502336982,5.430856341154135,2.160188025830383,5.121468797812699,2.1546632482707144,5.464005006512146,2.193336691188394,5.077270577335351,2.1878119136287255,5.430856341154135,3.464035529912149,5.0551714670966765,3.4695603074718173,5.535827114787836,4.1214840595127,4.939151138343639,4.1214840595127,5.5579262250265105,4.651862705240876,4.939151138343639,4.629763595002202,5.502678449429825,4.7015857032778925,5.00544846905966,4.696060925718224,5.690520886458554,4.93362636078397,4.762358256434246,4.922576805664633
5.144311471950944,2.096226712063171,5.165701540441385,2.0908791949405607,5.1870916089318255,2.08018416069534,5.064098715111792,2.096226712063171,5.032013612376132,2.0908791949405607,5.005276026763081,2.0855316778179507,5.219176711667486,2.08018416069534,4.9518008555369795,2.096226712063171,5.155006506196165,2.240609674373644,5.0694462322344025,2.245957191496254,5.4063398109588405,2.3315174654580164,4.759290239123015,2.3368649825806265,5.844836215012871,2.0587940922049,4.331488869314205,2.05344657508229,5.3849497424684,2.0053189209787985,4.8501980302073875,1.9999714038561884,5.267304365770977,1.989276369610968,4.9678434069048105,1.978581335365748,5.256609331525757,2.032056506591849,4.973190924027421,2.021361472346629,5.288694434261418,2.06414160932751,4.930410787046539,2.05344657508229,5.261956848648367,3.3261556502635004,4.892978167188269,3.342198201631331,5.35286463973274,3.973205222099326,4.807417893226506,3.967857704976716,5.39029725959101,4.502609417237729,4.791375341858676,4.481219348747288,5.336822088364909,4.55608458846383,4.8501980302073875,4.54538955421861,5.5132901534110434,4.780680307613456,4.614907276812541,4.764637756245626
5.036631956966201,1.989521978843198,5.057574293585603,1.9842863946883473,5.078516630205005,1.979050810533497,4.958098194643443,1.989521978843198,4.93192027386919,1.9842863946883473,4.900506768940088,1.979050810533497,5.109930135134109,1.979050810533497,4.848150927391583,1.9999931471528989,5.052338709430753,2.1361183351790123,4.963333778798294,2.141353919333863,5.303646748863578,2.240830018276023,4.659669897816964,2.251301186585724,5.722493481251619,1.9528728897592442,4.2460587495837725,1.9633440580689454,5.251290907315072,1.9162238006752905,4.748674828449422,1.9057526323655896,5.146579224218062,1.8952814640558886,4.8638576798561335,1.8848102957461874,5.141343640063211,1.9424017214495433,4.869093264010984,1.9266949689849917,5.167521560837464,1.9685796422237958,4.82720859077218,1.9581084739140948,5.162285976682614,3.2408265918524726,4.795795085843077,3.2512977601621733,5.240819739005372,3.8848034428990865,4.71726132352032,3.8690966904345347,5.2827044122441755,4.413597442538989,4.691083402746067,4.387419521764737,5.22511298654082,4.465953284087495,4.748674828449422,4.450246531622943,5.403122847805737,4.685847818591216,4.518309125636,4.664905481971814
4.946015424164524,1.9074550128534704,4.966580976863753,1.9074550128534704,4.987146529562982,1.9023136246786632,4.874035989717224,1.9074550128534704,4.843187660668381,1.9074550128534704,4.812339331619537,1.9023136246786632,5.017994858611825,1.9074550128534704,4.766066838046273,1.922879177377892,4.966580976863753,2.056555269922879,4.879177377892031,2.056555269922879,5.208226221079691,2.1696658097686377,4.5758354755784065,2.1799485861182517,5.614395886889461,1.8766066838046271,4.174807197943445,1.8868894601542416,5.141388174807198,1.845758354755784,4.663239074550129,1.8354755784061696,5.043701799485861,1.820051413881748,4.776349614395887,1.8097686375321336,5.038560411311054,1.8663239074550129,4.781491002570694,1.8560411311053984,5.06426735218509,1.8971722365038561,4.745501285347044,1.8868894601542416,5.074550128534704,3.172236503856041,4.709511568123394,3.177377892030848,5.136246786632391,3.8046272493573263,4.632390745501286,3.789203084832905,5.187660668380463,4.339331619537275,4.60668380462725,4.308483290488432,5.136246786632391,4.390745501285347,4.663239074550129,4.370179948586118,5.311053984575835,4.60668380462725,4.4370179948586115,4.586118251928021
4.834155595351236,1.8291399549977647,4.854256034417145,1.8241148452312874,4.874356473483054,1.8241148452312874,4.763804058620552,1.8291399549977647,4.733653400021688,1.8241148452312874,4.703502741422824,1.8241148452312874,4.9045071320819185,1.8291399549977647,4.658276753524527,1.8442152842971968,4.854256034417145,1.9698430284591313,4.773854278153507,1.9748681382256086,5.095461303208059,2.0904456628545884,4.472347692164864,2.100495882387543,5.487419864993294,1.8040144061653778,4.095464459679061,1.7989892963989005,5.025109766477375,1.7587884182670814,4.55777455819498,1.7587884182670814,4.929632680914305,1.738687979201172,4.668326973057482,1.7336628694346947,4.9246075711478285,1.778888857332991,4.67335208282396,1.778888857332991,4.949733119980215,1.8090395159318553,4.638176314458618,1.8090395159318553,4.964808449279647,3.090442506383586,4.608025655859754,3.1004927259165407,5.015059546944421,3.7085310076603033,4.532649009362593,3.7085310076603033,5.070335754375672,4.241192642906905,4.502498350763728,4.226117313607473,5.020084656710899,4.296468850338156,4.55777455819498,4.291443740571679,5.195963498537607,4.507523460530206,4.336669728469976,4.487423021464297
4.774193548387097,1.7766749379652604,4.794044665012407,1.771712158808933,4.813895781637717,1.7667493796526055,4.699751861042183,1.7766749379652604,4.674937965260546,1.771712158808933,4.645161290322581,1.771712158808933,4.843672456575683,1.7766749379652604,4.600496277915632,1.7915632754342432,4.794044665012407,1.9156327543424319,4.714640198511166,1.9205955334987592,5.037220843672457,2.0397022332506203,4.416873449131514,2.0496277915632755,5.419354838709677,1.7468982630272953,4.044665012406948,1.751861042183623,4.957816377171216,1.7121588089330024,4.5012406947890815,1.7220843672456576,4.863523573200992,1.6923076923076923,4.610421836228288,1.7022332506203475,4.858560794044665,1.7320099255583126,4.615384615384615,1.7468982630272953,4.883374689826303,1.7568238213399503,4.580645161290323,1.7766749379652604,4.903225806451613,3.042183622828784,4.550868486352357,3.0471464019851116,4.947890818858561,3.652605459057072,4.486352357320099,3.6575682382133996,5.007444168734492,4.188585607940446,4.446650124069479,4.1786600496277915,4.962779156327543,4.248138957816377,4.5012406947890815,4.2431761786600495,5.13151364764268,4.451612903225806,4.28287841191067,4.4367245657568235
4.750617283950617,1.7432098765432098,4.770370370370371,1.7382716049382716,4.790123456790123,1.7333333333333334,4.676543209876543,1.7432098765432098,4.651851851851852,1.7432098765432098,4.622222222222222,1.7382716049382716,4.8197530864197535,1.7432098765432098,4.5777777777777775,1.7679012345679013,4.770370370370371,1.8814814814814815,4.68641975308642,1.891358024691358,5.012345679012346,2.0098765432098764,4.395061728395062,2.0197530864197533,5.392592592592592,1.7135802469135804,4.029629629629629,1.728395061728395,4.933333333333334,1.6790123456790123,4.4790123456790125,1.6987654320987655,4.834567901234568,1.6592592592592592,4.587654320987654,1.6691358024691358,4.834567901234568,1.7037037037037037,4.592592592592593,1.7135802469135804,4.854320987654321,1.728395061728395,4.558024691358025,1.7432098765432098,4.879012345679012,3.0123456790123457,4.5283950617283955,3.017283950617284,4.923456790123457,3.6296296296296298,4.474074074074074,3.6296296296296298,4.987654320987654,4.172839506172839,4.424691358024691,4.162962962962963,4.938271604938271,4.232098765432099,4.4790123456790125,4.22716049382716,5.106172839506173,4.434567901234568,4.261728395061728,4.4148148148148145
4.750617283950617,1.7234567901234568,4.770370370370371,1.7234567901234568,4.790123456790123,1.7185185185185186,4.676543209876543,1.7234567901234568,4.646913580246913,1.7234567901234568,4.622222222222222,1.7185185185185186,4.8197530864197535,1.7333333333333334,4.5777777777777775,1.7432098765432098,4.770370370370371,1.8666666666666667,4.68641975308642,1.871604938271605,5.012345679012346,2.0,4.395061728395062,2.004938271604938,5.392592592592592,1.7037037037037037,4.034567901234568,1.708641975308642,4.933333333333334,1.6592592592592592,4.48395061728395,1.6790123456790123,4.834567901234568,1.6395061728395062,4.592592592592593,1.6395061728395062,4.834567901234568,1.6790123456790123,4.597530864197531,1.6839506172839507,4.859259259259259,1.7037037037037037,4.562962962962963,1.7185185185185186,4.879012345679012,2.9975308641975307,4.5283950617283955,3.0074074074074075,4.928395061728395,3.6296296296296298,4.4790123456790125,3.6296296296296298,4.987654320987654,4.177777777777778,4.424691358024691,4.162962962962963,4.94320987654321,4.237037037037037,4.4790123456790125,4.22716049382716,5.111111111111111,4.434567901234568,4.261728395061728,4.4148148148148145
4.7272727272727275,1.7051597051597052,4.746928746928747,1.7002457002457003,4.766584766584766,1.7002457002457003,4.653562653562654,1.7002457002457003,4.624078624078624,1.7002457002457003,4.599508599508599,1.6953316953316953,4.796068796068796,1.71007371007371,4.555282555282555,1.7248157248157248,4.746928746928747,1.8427518427518428,4.663390663390663,1.8476658476658476,4.987714987714988,1.9803439803439804,4.3734643734643734,1.9852579852579852,5.3660933660933665,1.6805896805896805,4.014742014742015,1.6805896805896805,4.9041769041769046,1.6412776412776413,4.461916461916462,1.660933660933661,4.8108108108108105,1.6167076167076166,4.57002457002457,1.6265356265356266,4.8108108108108105,1.656019656019656,4.574938574938575,1.6707616707616708,4.830466830466831,1.6855036855036856,4.54054054054054,1.7051597051597052,4.855036855036855,2.977886977886978,4.506142506142506,2.9877149877149876,4.9041769041769046,3.611793611793612,4.457002457002457,3.611793611793612,4.963144963144964,4.157248157248158,4.402948402948403,4.142506142506143,4.918918918918919,4.216216216216216,4.457002457002457,4.2063882063882065,5.085995085995086,4.412776412776413,4.240786240786241,4.393120393120393
4.7272727272727275,1.6904176904176904,4.746928746928747,1.6904176904176904,4.766584766584766,1.6904176904176904,4.653562653562654,1.6904176904176904,4.624078624078624,1.6855036855036856,4.599508599508599,1.6855036855036856,4.796068796068796,1.7051597051597052,4.555282555282555,1.714987714987715,4.746928746928747,1.8329238329238329,4.663390663390663,1.837837837837838,4.992628992628993,1.9705159705159705,4.3734643734643734,1.9754299754299753,5.3660933660933665,1.6756756756756757,4.014742014742015,1.6707616707616708,4.894348894348894,1.6314496314496314,4.461916461916462,1.660933660933661,4.805896805896806,1.6117936117936118,4.57002457002457,1.6167076167076166,4.805896805896806,1.651105651105651,4.574938574938575,1.6658476658476657,4.825552825552825,1.6805896805896805,4.54054054054054,1.6953316953316953,4.85995085995086,2.968058968058968,4.506142506142506,2.977886977886978,4.9041769041769046,3.611793611793612,4.461916461916462,3.611793611793612,4.963144963144964,4.157248157248158,4.402948402948403,4.142506142506143,4.918918918918919,4.216216216216216,4.452088452088452,4.2063882063882065,5.085995085995086,4.412776412776413,4.240786240786241,4.393120393120393
4.7272727272727275,1.6805896805896805,4.746928746928747,1.6805896805896805,4.766584766584766,1.6756756756756757,4.653562653562654,1.6756756756756757,4.624078624078624,1.6756756756756757,4.594594594594595,1.6707616707616708,4.796068796068796,1.6953316953316953,4.555282555282555,1.7051597051597052,4.746928746928747,1.828009828009828,4.663390663390663,1.828009828009828,4.992628992628993,1.9705159705159705,4.3734643734643734,1.9754299754299753,5.361179361179361,1.6707616707616708,4.014742014742015,1.6658476658476657,4.899262899262899,1.6265356265356266,4.457002457002457,1.656019656019656,4.805896805896806,1.601965601965602,4.565110565110565,1.6117936117936118,4.805896805896806,1.6363636363636365,4.574938574938575,1.656019656019656,4.830466830466831,1.6658476658476657,4.535626535626536,1.6904176904176904,4.85995085995086,2.968058968058968,4.506142506142506,2.977886977886978,4.9041769041769046,3.611793611793612,4.461916461916462,3.611793611793612,4.963144963144964,4.152334152334152,4.402948402948403,4.142506142506143,4.918918918918919,4.216216216216216,4.452088452088452,4.211302211302211,5.085995085995086,4.412776412776413,4.240786240786241,4.393120393120393
4.738916256157635,1.6748768472906403,4.758620689655173,1.6748768472906403,4.778325123152709,1.6748768472906403,4.665024630541872,1.6748768472906403,4.635467980295567,1.6748768472906403,4.605911330049261,1.6748768472906403,4.807881773399015,1.6945812807881773,4.566502463054187,1.7044334975369457,4.758620689655173,1.8226600985221675,4.674876847290641,1.8275862068965518,5.004926108374384,1.9753694581280787,4.384236453201971,1.9753694581280787,5.374384236453202,1.6699507389162562,4.029556650246305,1.6650246305418719,4.911330049261084,1.625615763546798,4.467980295566503,1.6600985221674878,4.817733990147783,1.5960591133004927,4.5763546798029555,1.6157635467980296,4.817733990147783,1.6354679802955665,4.586206896551724,1.6600985221674878,4.842364532019705,1.6650246305418719,4.54679802955665,1.6945812807881773,4.87192118226601,2.9704433497536944,4.517241379310345,2.980295566502463,4.916256157635468,3.6206896551724137,4.467980295566503,3.6206896551724137,4.975369458128079,4.16256157635468,4.413793103448276,4.152709359605911,4.931034482758621,4.226600985221675,4.463054187192118,4.221674876847291,5.093596059113301,4.4236453201970445,4.251231527093596,4.403940886699507
4.692682926829268,1.6585365853658536,4.712195121951219,1.6536585365853658,4.7317073170731705,1.6536585365853658,4.619512195121951,1.6585365853658536,4.590243902439024,1.6536585365853658,4.560975609756097,1.6536585365853658,4.760975609756097,1.673170731707317,4.521951219512195,1.6878048780487804,4.712195121951219,1.8048780487804879,4.6292682926829265,1.8048780487804879,4.95609756097561,1.951219512195122,4.341463414634147,1.9560975609756097,5.321951219512195,1.648780487804878,3.9902439024390244,1.6439024390243901,4.863414634146341,1.6146341463414635,4.419512195121952,1.6536585365853658,4.770731707317073,1.5853658536585367,4.5268292682926825,1.6097560975609757,4.770731707317073,1.6243902439024391,4.536585365853658,1.6536585365853658,4.795121951219512,1.6536585365853658,4.5024390243902435,1.6878048780487804,4.824390243902439,2.951219512195122,4.4731707317073175,2.9560975609756097,4.868292682926829,3.5853658536585367,4.424390243902439,3.5853658536585367,4.926829268292683,4.121951219512195,4.3707317073170735,4.107317073170732,4.882926829268293,4.180487804878049,4.419512195121952,4.175609756097561,5.04390243902439,4.380487804878049,4.209756097560976,4.360975609756098
4.692682926829268,1.6536585365853658,4.712195121951219,1.648780487804878,4.7317073170731705,1.648780487804878,4.619512195121951,1.648780487804878,4.590243902439024,1.648780487804878,4.560975609756097,1.648780487804878,4.760975609756097,1.6682926829268292,4.521951219512195,1.6829268292682926,4.712195121951219,1.8,4.6292682926829265,1.8,4.95609756097561,1.951219512195122,4.341463414634147,1.9560975609756097,5.321951219512195,1.648780487804878,3.9902439024390244,1.6390243902439023,4.863414634146341,1.6146341463414635,4.419512195121952,1.6585365853658536,4.770731707317073,1.5902439024390245,4.53170731707317,1.6195121951219513,4.770731707317073,1.6243902439024391,4.536585365853658,1.6634146341463414,4.795121951219512,1.6536585365853658,4.5024390243902435,1.6926829268292682,4.824390243902439,2.951219512195122,4.4731707317073175,2.9560975609756097,4.868292682926829,3.5853658536585367,4.424390243902439,3.5853658536585367,4.926829268292683,4.117073170731707,4.3707317073170735,4.107317073170732,4.882926829268293,4.180487804878049,4.414634146341464,4.175609756097561,5.04390243902439,4.380487804878049,4.209756097560976,4.360975609756098
4.692682926829268,1.6536585365853658,4.712195121951219,1.648780487804878,4.7317073170731705,1.648780487804878,4.619512195121951,1.648780487804878,4.590243902439024,1.648780487804878,4.560975609756097,1.648780487804878,4.760975609756097,1.6682926829268292,4.521951219512195,1.6829268292682926,4.712195121951219,1.8,4.6292682926829265,1.8,4.95609756097561,1.951219512195122,4.341463414634147,1.9560975609756097,5.321951219512195,1.648780487804878,3.9902439024390244,1.6390243902439023,4.863414634146341,1.6146341463414635,4.419512195121952,1.648780487804878,4.770731707317073,1.5902439024390245,4.53170731707317,1.604878048780488,4.770731707317073,1.6243902439024391,4.536585365853658,1.6536585365853658,4.795121951219512,1.6536585365853658,4.5024390243902435,1.6829268292682926,4.824390243902439,2.951219512195122,4.4731707317073175,2.9560975609756097,4.868292682926829,3.5853658536585367,4.424390243902439,3.5853658536585367,4.926829268292683,4.117073170731707,4.365853658536586,4.107317073170732,4.882926829268293,4.175609756097561,4.409756097560976,4.170731707317073,5.04390243902439,4.375609756097561,4.209756097560976,4.360975609756098
4.692668968881648,1.6536536179323063,4.712181105966395,1.6536536179323063,4.731693243051142,1.6487755836611195,4.619498454813847,1.6536536179323063,4.590230249186726,1.6487755836611195,4.560962043559606,1.6487755836611195,4.7609614486782625,1.6682877207458664,4.521937769390112,1.6829218235594268,4.717059140237581,1.7999946460679086,4.62925452335622,1.8048726803390953,4.956082819525732,1.9512137084746977,4.341450501356202,1.9560917427458844,5.321935389864738,1.6487755836611195,3.9902320338307566,1.639019515118746,4.868278202644371,1.619507378033999,4.424377083966377,1.6487755836611195,4.7707175172206355,1.5902391724068785,4.536571872203672,1.6048732752204389,4.7707175172206355,1.6292634465763725,4.541449906474859,1.6487755836611195,4.79510768857657,1.658531652203493,4.502425632305365,1.6829218235594268,4.82437589420369,2.9512107340679803,4.478035460949431,2.956088768339167,4.868278202644371,3.5902332235934438,4.424377083966377,3.585355189322257,4.921936579627425,4.112182890610425,4.365840672712136,4.107304856339239,4.882912305457931,4.175597336135853,4.409742981152816,4.175597336135853,5.043887436407093,4.375596741254509,4.20974357603416,4.36096263844095
4.692668968881648,1.6536536179323063,4.712181105966395,1.6536536179323063,4.731693243051142,1.6487755836611195,4.619498454813847,1.6536536179323063,4.590230249186726,1.6487755836611195,4.560962043559606,1.6487755836611195,4.7609614486782625,1.6682877207458664,4.521937769390112,1.6829218235594268,4.717059140237581,1.7999946460679086,4.62925452335622,1.8048726803390953,4.956082819525732,1.9512137084746977,4.341450501356202,1.9560917427458844,5.321935389864738,1.6487755836611195,3.9902320338307566,1.6341414808475594,4.868278202644371,1.619507378033999,4.424377083966377,1.6438975493899328,4.7707175172206355,1.5902391724068785,4.536571872203672,1.6048732752204389,4.7707175172206355,1.6292634465763725,4.541449906474859,1.6487755836611195,4.79510768857657,1.658531652203493,4.502425632305365,1.6829218235594268,4.82437589420369,2.9512107340679803,4.478035460949431,2.956088768339167,4.868278202644371,3.5902332235934438,4.424377083966377,3.585355189322257,4.921936579627425,4.112182890610425,4.365840672712136,4.107304856339239,4.882912305457931,4.175597336135853,4.414621015424004,4.170719301864667,5.043887436407093,4.375596741254509,4.20974357603416,4.36096263844095
4.692668968881648,1.6536536179323063,4.712181105966395,1.6536536179323063,4.731693243051142,1.6487755836611195,4.619498454813847,1.6536536179323063,4.590230249186726,1.6487755836611195,4.560962043559606,1.6487755836611195,4.7609614486782625,1.6682877207458664,4.521937769390112,1.6829218235594268,4.717059140237581,1.7999946460679086,4.62925452335622,1.8048726803390953,4.956082819525732,1.9560917427458844,4.341450501356202,1.9560917427458844,5.321935389864738,1.6487755836611195,3.9902320338307566,1.6341414808475594,4.868278202644371,1.6243854123051857,4.424377083966377,1.6487755836611195,4.7707175172206355,1.5951172066780652,4.536571872203672,1.6097513094916256,4.7707175172206355,1.6341414808475594,4.536571872203672,1.6536536179323063,4.79510768857657,1.6634096864746797,4.497547598034178,1.6829218235594268,4.82437589420369,2.9512107340679803,4.478035460949431,2.9609668026103537,4.868278202644371,3.5902332235934438,4.424377083966377,3.585355189322257,4.921936579627425,4.107304856339239,4.365840672712136,4.107304856339239,4.882912305457931,4.165841267593479,4.414621015424004,4.170719301864667,5.043887436407093,4.370718706983323,4.20974357603416,4.36096263844095
